batch_size,throughput,device_name,param_size_gb,total_vram_gb,floating_point_accuracy,trainable_params,lora_config_alpha,lora_config_r
64,3.0659992694854736,NVIDIA A40,4.8463897705078125,355.5859375,torch.float32,0.0087890625,8,8
80,3.734384298324585,NVIDIA A40,4.8463897705078125,355.5859375,torch.float32,0.0087890625,8,8
82,3.74271821975708,NVIDIA A40,4.8463897705078125,355.5859375,torch.float32,0.0087890625,8,8
64,8.99746298789978,NVIDIA A40,4.8376007080078125,355.5859375,torch.float32,4.8376007080078125,None,None
68,9.11156964302063,NVIDIA A40,4.8376007080078125,355.5859375,torch.float32,4.8376007080078125,None,None
70,9.465346813201904,NVIDIA A40,4.8376007080078125,355.5859375,torch.float32,4.8376007080078125,None,None
71,9.486907005310059,NVIDIA A40,4.8376007080078125,355.5859375,torch.float32,4.8376007080078125,None,None
