batch_size,throughput,device_name,param_size_gb,total_vram_gb,floating_point_accuracy,trainable_params,lora_config_alpha,lora_config_r
128,2.9831161499023438,NVIDIA A40,0.6057987213134766,44.4482421875,torch.float32,0.0010986328125,8,8
160,3.590404510498047,NVIDIA A40,0.6057987213134766,44.4482421875,torch.float32,0.0010986328125,8,8
162,4.010158538818359,NVIDIA A40,0.6057987213134766,44.4482421875,torch.float32,0.0010986328125,8,8
128,9.207444429397583,NVIDIA A40,0.6047000885009766,44.4482421875,torch.float32,0.6047000885009766,None,None
136,9.295639514923096,NVIDIA A40,0.6047000885009766,44.4482421875,torch.float32,0.6047000885009766,None,None
140,9.698675394058228,NVIDIA A40,0.6047000885009766,44.4482421875,torch.float32,0.6047000885009766,None,None
