batch_size,throughput,device_name,param_size_gb,total_vram_gb,floating_point_accuracy,trainable_params,lora_config_alpha,lora_config_r
256,2.6162912845611572,NVIDIA H100 NVL,0.6057987213134766,93.1114501953125,torch.float32,0.0010986328125,8,8
272,2.6542911529541016,NVIDIA H100 NVL,0.6057987213134766,93.1114501953125,torch.float32,0.0010986328125,8,8
274,2.616997480392456,NVIDIA H100 NVL,0.6057987213134766,93.1114501953125,torch.float32,0.0010986328125,8,8
128,6.401179552078247,NVIDIA H100 NVL,0.6047000885009766,93.1114501953125,torch.float32,0.6047000885009766,None,None
192,6.882972240447998,NVIDIA H100 NVL,0.6047000885009766,93.1114501953125,torch.float32,0.6047000885009766,None,None
224,7.04629111289978,NVIDIA H100 NVL,0.6047000885009766,93.1114501953125,torch.float32,0.6047000885009766,None,None
232,7.236929178237915,NVIDIA H100 NVL,0.6047000885009766,93.1114501953125,torch.float32,0.6047000885009766,None,None
236,7.470503807067871,NVIDIA H100 NVL,0.6047000885009766,93.1114501953125,torch.float32,0.6047000885009766,None,None
