batch_size,throughput,device_name,param_size_gb,total_vram_gb,floating_point_accuracy,trainable_params,lora_config_alpha,lora_config_r
64,2.4749605655670166,Tesla V100-PCIE-32GB,0.6057987213134766,31.7325439453125,torch.float32,0.0010986328125,8,8
96,2.3179469108581543,Tesla V100-PCIE-32GB,0.6057987213134766,31.7325439453125,torch.float32,0.0010986328125,8,8
112,3.3481194972991943,Tesla V100-PCIE-32GB,0.6057987213134766,31.7325439453125,torch.float32,0.0010986328125,8,8
114,3.3026747703552246,Tesla V100-PCIE-32GB,0.6057987213134766,31.7325439453125,torch.float32,0.0010986328125,8,8
64,22.269660234451294,Tesla V100-PCIE-32GB,0.6047000885009766,31.7325439453125,torch.float32,0.6047000885009766,None,None
96,25.248574256896973,Tesla V100-PCIE-32GB,0.6047000885009766,31.7325439453125,torch.float32,0.6047000885009766,None,None
98,25.596205711364746,Tesla V100-PCIE-32GB,0.6047000885009766,31.7325439453125,torch.float32,0.6047000885009766,None,None
